name,categories,address,city,postal_code,phone,website,rating,reviews,price_level,lat,lng,place_id,google_maps_url,party_signal,party_evidence,party_page_url,party_page_status,party_details,kid_review_pct,recent_avg_stars,review_red_flags
Jumbaloo Playgrounds,Indoor playground,"3135 Argentia Rd Unit 3, Mississauga, ON L5N 8E1, Canada",Mississauga,L5N 8E1,+19057853990,https://jumbaloo.com/?utm_source=GMBPage&utm_medium=GMB&utm_campaign=GMBClicks,4.8,5523,,43.5966048,-79.7900723,ChIJczo8wrZrK4gRbL8POyZ6eJY,https://www.google.com/maps/search/?api=1&query=Jumbaloo%20Playgrounds&query_place_id=ChIJczo8wrZrK4gRbL8POyZ6eJY,yes,"ndoor playground in Mississauga and Oakville for open play, birthday parties, camps, field trips, and more family fun.""/> <meta ",https://jumbaloo.com/argentia/indoor-birthday-parties/,party_page_found,"prices: $10, $1050, $1200, $150, $20; capacity: 20; duration: 2 hrs",45,5.0,
Aerosports Parks - Scarborough/Toronto,Children's party service; Children's amusement center; Amusement center; Event venue; Go-karting venue; Indoor golf course; Indoor playground; Laser tag center; Party planner,"1120 Birchmount Rd, Scarborough, ON M1K 5G4, Canada",Scarborough,M1K 5G4,+12894545555,https://www.aerosportsparks.ca/scarborough,4.8,2048,,43.7371528,-79.2816051,ChIJx3hMp8LP1IkR5Xf1836aKbA,https://www.google.com/maps/search/?api=1&query=Aerosports%20Parks%20-%20Scarborough%2FToronto&query_place_id=ChIJx3hMp8LP1IkR5Xf1836aKbA,yes,"><meta name=""description"" content=""Bounce, race, play &amp; celebrate at AeroSports Scarborough Ridgeway! Featuring trampolines,",https://www.aerosportsparks.ca/scarborough/kids-birthday-parties,party_page_found,"prices: $10, $14, $149, $19, $20; capacity: 12; duration: 24 hours; ages: 4-13",45,4.8,"We had a great experience at AeroSports! The facility is clean, spacio; We had such an amazing experience hosting my sisters party at Aerospor"
Aerosports Brampton,Children's amusement center; Indoor playground; Children's party service,"100 Westcreek Blvd, Brampton, ON L6T 5V7, Canada",Brampton,L6T 5V7,+19057962376,https://www.aerosportsbrampton.ca/,4.3,2848,,43.679065,-79.7045938,ChIJi-D951o-K4gR_Cjr1zXfR6M,https://www.google.com/maps/search/?api=1&query=Aerosports%20Brampton&query_place_id=ChIJi-D951o-K4gR_Cjr1zXfR6M,yes,st.com/wordpress/plugins/seo/ --> Trampoline Park | Birthday Parties &amp; Indoor Play | Aerosports Brampton <m,https://aerosportsbrampton.ca/kids-birthday-parties/,party_page_found,"prices: $280, $319, $33, $356, $375; duration: 2 Hour",70,5.0,
Aerosports Trampoline Parks - Oakville-Mississauga,Children's amusement center; Children's party service; Event planner; Event venue; Indoor playground; Party planner; Recreation center; Sports complex; Summer camp organizer,"2679 Bristol Cir, Oakville, ON L6H 6Z8, Canada",Oakville,L6H 6Z8,+19058292989,https://www.aerosportsparks.ca/oakville?utm_source=google&utm_medium=organic&utm_campaign=gmboak,4.7,5596,,43.5113182,-79.6879043,ChIJeXJw2wZDK4gRiwjE_63bzug,https://www.google.com/maps/search/?api=1&query=Aerosports%20Trampoline%20Parks%20-%20Oakville-Mississauga&query_place_id=ChIJeXJw2wZDK4gRiwjE_63bzug,yes,"/title><meta name=""description"" content=""Bounce, play &amp; celebrate at AeroSports Mississauga Ridgeway! Indoor playground &amp",https://www.aerosportsparks.ca/oakville/kids-birthday-parties,party_page_found,"prices: $13, $16, $189, $19, $20; capacity: 150; duration: 24 hours; ages: 4-13",25,5.0,
Kidsports Indoor Playground Mississauga,Indoor playground,"4500 Dixie Rd, Mississauga, ON L4W 1V7, Canada",Mississauga,L4W 1V7,+19056249400,https://www.kidsportsindoorplayground.com/?utm_source=google&utm_medium=gmbClick&utm_campaign=gmb-click&utm_id=click,4.3,2192,,43.631988,-79.6163682,ChIJleyAOIU4K4gRzQuAChv4oRw,https://www.google.com/maps/search/?api=1&query=Kidsports%20Indoor%20Playground%20Mississauga&query_place_id=ChIJleyAOIU4K4gRzQuAChv4oRw,yes,"yground in Mississauga offering open play, kids activities, birthday parties, camps and more.""/><meta name=""keywords"" content=""k",https://www.kidsportsindoorplayground.com/book,party_page_found,"prices: $15, $25, $399, $499, $599; capacity: 30; duration: 2 hours",60,4.8,We came for the first time in about two years and were shocked it was 
Centreville Amusement Park,Amusement park; Amusement center; Park; Tourist attraction,"9 Queens Quay W, Toronto, ON M5J 2H3, Canada",Toronto,M5J 2H3,+14162030405,http://centreisland.ca/,4.4,6612,,43.6202922,-79.3735438,ChIJHfvjUSrL1IkRKR1Q--KUUi8,https://www.google.com/maps/search/?api=1&query=Centreville%20Amusement%20Park&query_place_id=ChIJHfvjUSrL1IkRKR1Q--KUUi8,yes,"ject-page menu-item-72121""> Birthday Parties <li id=""men",https://centreisland.ca/birthday-parties/,party_page_found,"prices: $100, $35, $695",10,4.3,; Awful service at the ticket counter and extremely slow with each guest; The ferry ride was the longest wait.  Took our time to wander through 
GlowZone 360,Laser tag center; Miniature golf course; Video arcade,"9446 McLaughlin Rd N, Brampton, ON L6X 4H9, Canada",Brampton,L6X 4H9,+19054974569,http://www.glowzone360.com/,4.5,1817,,43.684487,-79.7828821,ChIJN9kKba0VK4gR9LACrkVeiK8,https://www.google.com/maps/search/?api=1&query=GlowZone%20360&query_place_id=ChIJN9kKba0VK4gR9LACrkVeiK8,yes,"t-custom menu-item-has-children menu-item-1881""> PARTIES &#038; EVENTS <li id=""menu-item-",https://glowzone360.com/,party_page_found,prices: $16,45,4.8,The experience was so good kids really enjoyed the games I highly reco; We had an absolute blast at GlowZone 360 for our last minute event on 
Air Riderz Mississauga - Kids Indoor Playground & Birthday Party Place,Children's amusement center; Amusement center; Amusement park; Indoor playground; Children's party service; Event venue; Recreation center,"3600 Ridgeway Dr Unit 4 & 5, Mississauga, ON L5L 0B4, Canada",Mississauga,L5L 0B4,+19058207500,https://www.airriderz.com/mississauga/?utm_source=gmb&utm_medium=organic&utm_campaign=gmb,4.4,3542,,43.5248891,-79.7119554,ChIJM8ghe1tCK4gRkt9KTk7qYQw,https://www.google.com/maps/search/?api=1&query=Air%20Riderz%20Mississauga%20-%20Kids%20Indoor%20Playground%20%26%20Birthday%20Party%20Place&query_place_id=ChIJM8ghe1tCK4gRkt9KTk7qYQw,yes,oter #menu-attractions-activities{display:none}footer #menu-parties-events{display:none}footer .menu-title{display:none}footer ,https://www.airriderz.com/mississauga/parties-events/,party_page_found,"prices: $11, $15, $19, $22, $25; capacity: 20; duration: 1 hour",5,5.0,
"Levelup Virtual Reality (VR) Arcade | Events, Parties, & Team Building",Video arcade; Adventure sports center; Amusement center; Bar; Event planner; Event venue; Flight school; Laser tag center; Tourist attraction,"661 Yonge St Lower Level, Toronto, ON M4Y 1Z9, Canada",Toronto,M4Y 1Z9,+18335383587,https://www.levelupreality.ca/toronto/?UTM_source=GMB_listing&UTM_medium=organic,4.9,1874,,43.6682856,-79.3858029,ChIJQ9zscLU0K4gRx3YDSMNESs8,https://www.google.com/maps/search/?api=1&query=Levelup%20Virtual%20Reality%20(VR)%20Arcade%20%7C%20Events%2C%20Parties%2C%20%26%20Team%20Building&query_place_id=ChIJQ9zscLU0K4gRx3YDSMNESs8,yes,"y (VR) Arcade | Corporate Events, Team Building Activities, Birthday Parties, Group Activities, Date Night Ideas, Flight Simulat",,site_unreachable,,15,4.9,"Eventhoug we are not a tech savvy family, we had a fantastic time, my ; Very cool!
Brought my 13yr old nephew for his bday and we both had an "
The Rec Room Roundhouse,Amusement center; Restaurant; Bar; Event venue; Pool billard club; Video arcade,"255 Bremner Blvd, Toronto, ON M5V 3L9, Canada",Toronto,M5V 3L9,+14168150086,https://www.therecroom.com/toronto-roundhouse?utm_source=google-my-business_TorontoRoundhouse&utm_medium=profile&utm_campaign=owned_media,4,9289,,43.6412417,-79.3867806,ChIJiTDHQZ02K4gRmbXbmJwl7CU,https://www.google.com/maps/search/?api=1&query=The%20Rec%20Room%20Roundhouse&query_place_id=ChIJiTDHQZ02K4gRmbXbmJwl7CU,yes,"oy live music, team building activities, and host your next birthday party. Find fun things to do in Toronto this weekend, inclu",https://www.therecroom.com/toronto-roundhouse/parties-groups,party_page_found,"prices: $103, $120, $13, $18, $23; capacity: 40",20,4.2,"Decent place, albeit overpriced; El doble de caro que en Vancouver y las mesas de billar horribles. Hag; This afternoon, August 30,2026 we visited The Rec Room, and unfortunat"
LEGOLAND Discovery Centre Toronto,Children's amusement center; Tourist attraction,"1 Bass Pro Mills Dr, Vaughan, ON L4K 5W4, Canada",Vaughan,L4K 5W4,+19057617066,https://www.legolanddiscoverycentre.com/toronto/?utm_source=local-listing&utm_medium=organic&utm_campaign=homepage,4,7157,,43.8249707,-79.5353885,ChIJB49yxhUvK4gR3Xq2u6BUibg,https://www.google.com/maps/search/?api=1&query=LEGOLAND%20Discovery%20Centre%20Toronto&query_place_id=ChIJB49yxhUvK4gR3Xq2u6BUibg,yes, Birthdays ,https://www.legolanddiscoverycentre.com/toronto/groups-schools/birthdays/,party_page_found,"prices: $19, $30, $50, $75, $800; capacity: 50; duration: 3 hours",15,4.2,
Playcious Vaughan,Indoor playground; Amusement center; Cafeteria; Children's amusement center; Event planner; Event venue; Party planner; Playground,"50A Caldari Rd, Concord, ON L4K 4N8, Canada",Concord,L4K 4N8,+19056699996,https://playcious.com/vaughan,4.4,1874,,43.8187071,-79.5284841,ChIJ81kkzxAvK4gRNTrbjAhPavQ,https://www.google.com/maps/search/?api=1&query=Playcious%20Vaughan&query_place_id=ChIJ81kkzxAvK4gRNTrbjAhPavQ,yes,"ckey-Mouse-Mars-1.jpg"",""width"":1170,""height"":855,""caption"":""Birthday Parties""},{""@type"":""BreadcrumbList"",""@id"":""https:\/\/playci",https://playcious.com/vaughan/,party_page_found,,55,4.4,I had such a great experience booking my daughter’s birthday party wit; This is a bittersweet review because I actually appreciate the offerin
The Rec Room Square One,Amusement center; Archery range; Bar; Bowling alley; Event venue; Live music venue; Pool billard club; Restaurant; Sports bar; Video arcade,"100 City Centre Dr #1-705, Mississauga, ON L5B 2C9, Canada",Mississauga,L5B 2C9,+12893410611,https://www.therecroom.com/mississauga-squareone?utm_source=google-my-business_MississaugaSquareOne&utm_medium=profile&utm_campaign=owned_media,4,6408,,43.5928688,-79.6455337,ChIJb2u0smJHK4gRyKsMVRZSUPg,https://www.google.com/maps/search/?api=1&query=The%20Rec%20Room%20Square%20One&query_place_id=ChIJb2u0smJHK4gRyKsMVRZSUPg,yes,"oy live music, team building activities, and host your next birthday party. Find fun things to do in Mississauga this weekend, i",https://www.therecroom.com/mississauga-squareone/parties-groups,party_page_found,"prices: $103, $110, $13, $18, $20; capacity: 40",5,4.7,
Playdium Orion Gate,Amusement center; Indoor playground; Bowling alley; Video arcade,"20 Biscayne Crescent, Brampton, ON L6W 4S1, Canada",Brampton,L6W 4S1,+19057699070,https://www.playdium.com/brampton?utm_source=google-my-business_Brampton&utm_medium=profile&utm_campaign=owned_media,4,2256,,43.6802598,-79.7158659,ChIJFUx--bc_K4gRvy4MCxZ-LVQ,https://www.google.com/maps/search/?api=1&query=Playdium%20Orion%20Gate&query_place_id=ChIJFUx--bc_K4gRvy4MCxZ-LVQ,yes,"next-head="""">Playdium Brampton | Arcade, Food, Events &amp; Parties <meta name=""description"" content=""Discover Playdium ",https://www.playdium.com/brampton/party,party_page_found,"prices: $200, $325, $50; duration: 1 hour",0,4.2,I've been here a few times. Wish the space was utilized to offer a lar; Not great for Adults.  No racing sims; This place is just a hype. Nothing interesting at all inside for adult
The Bubble Jump Park - Toronto,Amusement center,"65 Orfus Rd Unit A, North York, ON M6A 1L7, Canada",North York,M6A 1L7,+14164107469,https://www.the-bubble.ca/,4.6,1655,,43.7186056,-79.4626838,ChIJTRtX9EgzK4gR7ZalW-umeYg,https://www.google.com/maps/search/?api=1&query=The%20Bubble%20Jump%20Park%20-%20Toronto&query_place_id=ChIJTRtX9EgzK4gR7ZalW-umeYg,yes,"ends! Jump, climb, and explore our inflatapark, arcade, and party packages. Safe, fun, and unforgettable entertainment—book your visi",https://the-bubble.ca/,homepage_mentions_birthday,,50,4.7,Had my daughter birthday there for the third year. Gotta say was not s
Air Riderz Adventure Park Vaughan,Indoor playground; Amusement park; Children's amusement center; Children's party service; Event venue; Recreation center; Summer camp organizer,"570 Applewood Crescent #3, Concord, ON L4K 4B4, Canada",Concord,L4K 4B4,+19056957011,https://www.airriderz.com/vaughan/,4.5,1605,,43.7998791,-79.5393651,ChIJETfAn0svK4gRSv5TobhtC0s,https://www.google.com/maps/search/?api=1&query=Air%20Riderz%20Adventure%20Park%20Vaughan&query_place_id=ChIJETfAn0svK4gRSv5TobhtC0s,yes,oter #menu-attractions-activities{display:none}footer #menu-parties-events{display:none}footer .menu-title{display:none}footer ,https://www.airriderz.com/vaughan/birthday/,party_page_found,"prices: $13, $15, $299, $330, $34; capacity: 12; duration: 1 hour",15,4.6,"Great trampoline park, climbing is fun.
My only concern is dirty washr; I was quite disappointed by air riders in Vaughan. We frequent sky zon; Whoever was working today, younger girl, long light brown hair, she to"
Jungle Land,Indoor playground; Tourist attraction,"1033 Edgeley Blvd, Concord, ON L4K 0H4, Canada",Concord,L4K 0H4,+19057605565,http://www.jungleland.ca/,4.4,1514,,43.8200479,-79.5381212,ChIJRZg0VGsvK4gRadPYM2y9Q04,https://www.google.com/maps/search/?api=1&query=Jungle%20Land&query_place_id=ChIJRZg0VGsvK4gRadPYM2y9Q04,yes,"ificates.html"" class="""">Gift Certificates Birthday Parties <a h",https://www.jungleland.ca/birthday-party-packages.html,party_page_found,capacity: 10; duration: 3 hours,35,4.6,
The Bubble Jump Park - Vaughan,Amusement center,"7979 Weston Rd, Woodbridge, ON L4L 0L4, Canada",Woodbridge,L4L 0L4,+19056229500,https://www.the-bubble.ca/,4.8,1420,,43.79533,-79.547875,ChIJ215Pza8vK4gRHpbtPlSpqak,https://www.google.com/maps/search/?api=1&query=The%20Bubble%20Jump%20Park%20-%20Vaughan&query_place_id=ChIJ215Pza8vK4gRHpbtPlSpqak,yes,"ends! Jump, climb, and explore our inflatapark, arcade, and party packages. Safe, fun, and unforgettable entertainment—book your visi",https://the-bubble.ca/,homepage_mentions_birthday,,20,5.0,Bubble jump was so much fun for kids but you just need to becareful fo
Playcious Mississauga,Indoor playground,"75 Courtneypark Dr W Unit 2b, Mississauga, ON L5W 0E3, Canada",Mississauga,L5W 0E3,+19059010421,https://playcious.com/mississauga/,4.7,1093,,43.6360513,-79.6968882,ChIJ8bud-H8_K4gRCxZBM_bK_gs,https://www.google.com/maps/search/?api=1&query=Playcious%20Mississauga&query_place_id=ChIJ8bud-H8_K4gRCxZBM_bK_gs,yes,"mper cars, climbing walls, arcades, toddler play areas, and birthday party packages across multiple Ontario locations."", ""tel",https://playcious.com/mississauga/,party_page_found,prices: $𝟏𝟕; duration: 1 hr,55,5.0,
Sandbox VR,Children's amusement center; Amusement center; Event venue; Tourist attraction; Video arcade,"7621 Weston Rd Ste 135, Vaughan, ON L4L 9J9, Canada",Vaughan,L4L 9J9,+19056059533,https://sandboxvr.com/ca/toronto/vaughan?utm_source=google&utm_medium=organic&utm_campaign=gbp&utm_content=vaughan,5,1126,,43.7877252,-79.5465349,ChIJeXOvTJ4vK4gR3WoaW42EKd4,https://www.google.com/maps/search/?api=1&query=Sandbox%20VR&query_place_id=ChIJeXOvTJ4vK4gR3WoaW42EKd4,yes,"ames with friends at Sandbox VR Vaughan in Toronto. Groups, parties and date nights — book your session online.""/><meta propert",https://sandboxvr.com/ca/toronto/vaughan/private-events,party_page_found,"prices: $10, $100, $288, $300, $37",5,5.0,
Kidsapia,Amusement center; Indoor playground,"5100 Erin Mills Pkwy Unit D13/14, Mississauga, ON L5M 4Z5, Canada",Mississauga,L5M 4Z5,+12899979177,https://www.kidsapia.ca/,4.4,1229,,43.5586447,-79.7115912,ChIJo_QLgIlBK4gRztdMIxSkE0Y,https://www.google.com/maps/search/?api=1&query=Kidsapia&query_place_id=ChIJo_QLgIlBK4gRztdMIxSkE0Y,yes,"roll"" href=""https://kidsapia.ca/party-and-event-packages/"">PARTIES/EVENTS <li id=""menu-item-",,site_unreachable,,75,5.0,"Don't think twice! This place is absolutely amazing! I had my sons 3rd; We had such a great experience at kidsapia! The place is beautiful, fu; We hosted our son’s 5th birthday party at Kidsapia, and it was a wonde"
Playcious Oakville,Children's amusement center; Amusement center; Cafeteria; Indoor playground; Children's cafe; Event planner; Event venue; Party planner; Playground; Rock climbing,"3280 S Service Rd W Unit C4, Oakville, ON L6L 0B1, Canada",Oakville,L6L 0B1,+19054656996,https://www.playcious.com/oakville,4.5,1118,,43.4003295,-79.7480545,ChIJxTKXqVZhK4gRUKGhzAzx2bo,https://www.google.com/maps/search/?api=1&query=Playcious%20Oakville&query_place_id=ChIJxTKXqVZhK4gRUKGhzAzx2bo,yes,"mper cars, climbing walls, arcades, toddler play areas, and birthday party packages across multiple Ontario locations."", ""tel",https://playcious.com/oakville/,party_page_found,duration: 3 hours; ages: 2-6,40,4.2,"Horrible!
Few months ago my daughter climbed the wall she looked down ; I went to this place last week. The manager was very rude to customers; My kids love this place — it’s always so much fun, and the staff are c"
Playtopia,Indoor playground; Amusement center; Children's amusement center; Children's party service; Event planner; Party planner; Video arcade,"1681 Langstaff Rd #14-16, Vaughan, ON L4K 5T3, Canada",Vaughan,L4K 5T3,+19056952511,http://playtopia.ca/,4.2,1373,,43.8225502,-79.482733,ChIJ8ycy4bwuK4gRq6cRra1cvAc,https://www.google.com/maps/search/?api=1&query=Playtopia&query_place_id=ChIJ8ycy4bwuK4gRq6cRra1cvAc,yes,"ref=""/css/style1.5.css""> <link rel=""stylesheet"" href=""/css/common.css?v",https://playtopia.ca/css/style1.5.css,party_page_found,,45,4.3,; Terrible customer service
Kart Town Playground and Birthdays,Children's amusement center; Amusement center; Bouncy castle hire; Children hall; Children's party service; Indoor playground; Playground; Video arcade; Video game store,"Inside Parkway Mall, 85 Ellesmere Rd Unit 102, Scarborough, ON M1R 4B8, Canada",Scarborough,M1R 4B8,+14376605278,https://karttown.ca/?utm_campaign=gmb,4.8,861,,43.7571361,-79.3120044,ChIJDzZfe3fT1IkRFJJlEqtVVJ8,https://www.google.com/maps/search/?api=1&query=Kart%20Town%20Playground%20and%20Birthdays&query_place_id=ChIJDzZfe3fT1IkRFJJlEqtVVJ8,yes,"r Go-Karting &amp; Fun for Kids in Scarborough and Toronto\nBirthday Party Venue, Arcade &amp; More"",""legalName"":""admin_ytv6ggsq",https://karttown.ca/?utm_campaign=gmb,homepage_mentions_birthday,capacity: 014,55,4.9,"We recently visited Kart Town with our family, and it was such a fun e"
Funday! Family Centre & Indoor Playground,Amusement center; Indoor playground; Cafe; Children's camp; Children's party service; Coffee shop; Event venue; Recreation center; Toy store,"1224 Dundas St E Unit 26, Mississauga, ON L4Y 4A2, Canada",Mississauga,L4Y 4A2,+16472127433,https://www.thefunday.ca/,4.8,889,,43.6038315,-79.5847284,ChIJV0P3gz9HK4gRgbIiTl1KvfI,https://www.google.com/maps/search/?api=1&query=Funday!%20Family%20Centre%20%26%20Indoor%20Playground&query_place_id=ChIJV0P3gz9HK4gRgbIiTl1KvfI,yes,"k.min.css.map*/ Indoor Playground &amp; Kids Birthday Party Venue in Mississauga | Funday! <meta name=""",https://www.thefunday.ca/,homepage_mentions_birthday,duration: 2 hours,45,4.8,This place has really gone down hill! We loved it when it first opened
TreeHouse ClubHouse,Indoor playground; Banquet hall; Children hall; Children's party buffet; Children's party service; Event planner; Event venue; Party planner; Playground; Recreation center,"1095 Kingston Rd, Pickering, ON L1V 1B5, Canada",Pickering,L1V 1B5,+19054207529,http://www.treehouseclubhouse.com/,4.2,1172,,43.8267836,-79.0994545,ChIJH-y_LTDf1IkRWfOtGac4HOE,https://www.google.com/maps/search/?api=1&query=TreeHouse%20ClubHouse&query_place_id=ChIJH-y_LTDf1IkRWfOtGac4HOE,yes,"ct/yoast-seo-wordpress/ --> Indoor Playground &amp; Birthday Party Packages <meta name=""description"" content=""D",,site_unreachable,,50,4.3,"I'd rate this place 2.5**

Our experience at Treehouse Clubhouse was v; Shocked at the state of the equipment. The young staff was very sweet ; We visited the facility on Thursday, July 16 with 7-month-old infant. "
FUNtastic Forest,Indoor playground,"14 Connie Crescent #12, Concord, ON L4K 2W8, Canada",Concord,L4K 2W8,+19057386386,http://www.funtasticforest.ca/,4.5,676,,43.8213349,-79.4892605,ChIJZ-ls1L8uK4gRoyMce9vtgKg,https://www.google.com/maps/search/?api=1&query=FUNtastic%20Forest&query_place_id=ChIJZ-ls1L8uK4gRoyMce9vtgKg,yes,roup_7.c472a333.chunk.min.css.map*/ Children Birthday Party Venue | Ontario | Funtastic Forest <meta na,https://www.funtasticforest.ca,party_page_found,duration: 6386 Hours,80,5.0,We hosted our daughter’s 2nd birthday at FunTastic Forest and honestly
Fun Factory Play Cafe - Pickering,Indoor playground; Cafe; Children's amusement center; Coffee shop; Event venue; Party planner,"1420 Bayly St #15, Pickering, ON L1W 3R4, Canada",Pickering,L1W 3R4,+16478248389,http://www.funfactoryplay.ca/,4.4,803,,43.83115,-79.0812758,ChIJXfg1xeXe1IkR_2AeX0R7A0c,https://www.google.com/maps/search/?api=1&query=Fun%20Factory%20Play%20Cafe%20-%20Pickering&query_place_id=ChIJXfg1xeXe1IkR_2AeX0R7A0c,yes,"ext-size-adjust"" content=""""/> Indoor Playground &amp; Birthday Parties Pickering ON | Fun Factory Play Café <meta n",https://www.funfactoryplay.ca/birthday-parties,party_page_found,"prices: $100, $14, $29, $38, $399; capacity: 10; duration: 2.5 hours",55,5.0,Jaden provided great information and guided us through our first visit; We hosted our daughters 5th birthday here and it did not disappoint - 
Kid's Cuckoos Nest,Indoor playground; Event venue,"155 Industrial Pkwy S, Aurora, ON L4G 3V5, Canada",Aurora,L4G 3V5,+19057276378,http://kidscuckoosnest.com/,4.3,839,,43.9932021,-79.4565971,ChIJEx0YEPHTKogRDSOgJl6ugN4,https://www.google.com/maps/search/?api=1&query=Kid's%20Cuckoos%20Nest&query_place_id=ChIJEx0YEPHTKogRDSOgJl6ugN4,yes,"iner""> Celebrate the Perfect Party ",https://kidscuckoosnest.com/party-booking/,party_page_found,"prices: $100, $20, $27, $299; capacity: 10; duration: 2.5 hours",45,4.7,This place is chaotic for kids. Also doesn’t allow parents to go insid
Kids Fun Town,Indoor playground; Party planner,"2071 Danforth Ave, Toronto, ON M4C 1J8, Canada",Toronto,M4C 1J8,+14162777689,https://kidsfuntown.ca/,4.7,514,,43.685389,-79.312974,ChIJASF6oGzM1IkRy6sza2bT2a0,https://www.google.com/maps/search/?api=1&query=Kids%20Fun%20Town&query_place_id=ChIJASF6oGzM1IkRy6sza2bT2a0,yes,s://yoast.com/product/yoast-seo-wordpress/ --> Kids Birthday Parties | Party Coordinators - Kids Fun Town <meta,https://kidsfuntown.ca/party-packages,party_page_found,"prices: $ 499, $ 639, $ 799, $ 899, $25; capacity: 10; duration: 2 hour",85,4.9,"We absolutely loved celebrating our son’s 5th birthday here. The team ; We recently celebrated our daughter’s 4th birthday, and our experience"
Jump for Joy Play Centre,Indoor playground; Children's party service,"1472 Danforth Ave, Toronto, ON M4J 1N4, Canada",Toronto,M4J 1N4,+14169106522,https://jumpforjoyplaycentre.ca/,4.9,397,,43.6829813,-79.3260696,ChIJo3hEPWXM1IkRuh_r3RJshP4,https://www.google.com/maps/search/?api=1&query=Jump%20for%20Joy%20Play%20Centre&query_place_id=ChIJo3hEPWXM1IkRuh_r3RJshP4,yes,"ayground: we’re a community hub that provides drop-in play, parties and programs for children of all ages and their families at",https://jumpforjoyplaycentre.ca/parties-1,party_page_found,"prices: $ 28, $13, $14, $589, $59; capacity: 15; duration: 2hr",90,4.5,; We recently held our son’s 3rd birthday at Jump for Joy and it exceede
Little Jingle Beans Inc.,Entertainer; Children's party service; Preschool,"99 Silver Birch Avenue (lower level, Toronto, ON M4E 3L3, Canada",Toronto,M4E 3L3,+14166270805,http://www.littlejinglebeans.com/,4.9,359,,43.6737784,-79.285302,ChIJO1unbX8zK4gRyENMZ4RtU6c,https://www.google.com/maps/search/?api=1&query=Little%20Jingle%20Beans%20Inc.&query_place_id=ChIJO1unbX8zK4gRyENMZ4RtU6c,yes,"ertainers in toronto,kids theme party entertainment,toddler birthday party,childs birthday party entertainment,balloons,face pai",https://www.littlejinglebeans.com/pages/mascot-parties,party_page_found,"prices: $225, $325, $375; capacity: 15",95,5.0,"We had Belle from Little Jingle Beans attend my daughter’s birthday pa; We had the pleasure of hiring this company for my son's 5th birthday p; We hired Moana for my daughter's birthday, and she was amazing. From t"
Funland Indoor Playground,Indoor playground,"5051 Hwy 7 Unit 1a, Markham, ON L3R 1N3, Canada",Markham,L3R 1N3,+19058680888,https://funlandplayground.ca/,4.5,691,,43.8652616,-79.2894207,ChIJxwHnOsfX1IkRcFVCKWaQpdA,https://www.google.com/maps/search/?api=1&query=Funland%20Indoor%20Playground&query_place_id=ChIJxwHnOsfX1IkRcFVCKWaQpdA,yes,"pan class=""avia-bullet""> Party Packages <span class=""avia-arrow-w",https://funlandplayground.ca/,homepage_mentions_birthday,ages: 1 to 13,50,4.8,"Visited this place today July 15th , customer service was bad unlike t; We just hosted our daughter’s 3rd birthday party at Funland, and she h"
Happy Kingdom Dundas,Indoor playground,"3025 Lenworth Dr, Mississauga, ON L4X 2G3, Canada",Mississauga,L4X 2G3,+13652309177,https://happykingdomdundas.ca/,4.7,769,,43.6208466,-79.573753,ChIJ_15IVuw5K4gRMBYz86JUyck,https://www.google.com/maps/search/?api=1&query=Happy%20Kingdom%20Dundas&query_place_id=ChIJ_15IVuw5K4gRMBYz86JUyck,yes,"ome to Happy Kingdom Dundas Your go-to spot for fun and celebrations. <div class=""elementor-el",https://happykingdomdundas.ca/party/,party_page_found,,45,4.0,"I WOULD HAVE GIVE 0 STAR BUT SINCE YOU NEED TO ADD SOMETHING. Before T; Just a heads-up: the posted closing time is 8:00 PM, but in reality, y; Place is a joke. Drove an hour and 20 minutes from Cambridge to try a "
Space Center Playground,Children's club,"688 Chrislea Rd, Vaughan, ON L4L 8K9, Canada",Vaughan,L4L 8K9,+14372868801,https://space-center.ca/,4.8,665,,43.8070465,-79.5472745,ChIJsYrUcb8vK4gRS786IrfrhAo,https://www.google.com/maps/search/?api=1&query=Space%20Center%20Playground&query_place_id=ChIJsYrUcb8vK4gRS786IrfrhAo,yes,"te-party/"" class=""menu-link""> Private Party <li class="" menu-item menu-item-type-post_type menu",https://space-center.ca/private-party/,party_page_found,,60,4.7,Its ok.  Way overpriced and its absolutely freezing in here. Half the ; Just not worth it imo.; Saviour was great! He took the initiative to take the kids around and 
Artventures Oakville Lakeshore/Bronte,Children's party service; Art cafe; Art center; Art school; Art supply store; Children's party buffet; Pottery classes; Paint store; Party planner; Pottery store,"2359 Lakeshore Rd W, Oakville, ON L6L 1H4, Canada",Oakville,L6L 1H4,+18332400310,http://artventuresstudios.com/,4.9,784,,43.3970067,-79.7092793,ChIJAQDk_XBeK4gRHerMJXMFfSY,https://www.google.com/maps/search/?api=1&query=Artventures%20Oakville%20Lakeshore%2FBronte&query_place_id=ChIJAQDk_XBeK4gRHerMJXMFfSY,yes,"-1cb1558b5764"" data-edit-interactive=""true"" href=""/groups%2Fparties"" data-typography=""NavAlpha"" class=""x-el x-el-a c1-3c c1-1p ",https://artventuresstudios.com/groups%2Fparties,party_page_found,,10,4.9,Always enjoy coming here for a solo art date. The energy and vibes are
Jolly Bubble North York,Indoor playground; Children's amusement center,"900 Don Mills Rd. Unit 8, North York, ON M3C 1V6, Canada",North York,M3C 1V6,+14164478889,https://www.thejollybubble.com/,4.7,501,,43.72662,-79.3426638,ChIJXfwrvZLN1IkRye_AeGqS72k,https://www.google.com/maps/search/?api=1&query=Jolly%20Bubble%20North%20York&query_place_id=ChIJXfwrvZLN1IkRye_AeGqS72k,yes,"ayground? Jolly Bubble offers safe, clean fun for kids with birthday party packages, private party, and walk-in play sessions.""/",https://thejollybubble.com/barrhaven-party/,party_page_found,"prices: $119, $149, $199, $249, $28; capacity: 15; duration: 2 Hours",50,4.7,"Brought my kids here a few times. Everything is clean, staff are amazi; For the love of goodness, having one song on loop is maddening. PLEASE; Sept 7 2026, Monday, however they are trying to charge weekend prices "
Krafty Kids | Corporate Holiday Parties & Creative Kids’ Events,Children's party service; Art studio; Entertainer; Event planner; Party planner,"1920 Avenue Rd, Toronto, ON M3H 1Y5, Canada",Toronto,M3H 1Y5,+14166057364,http://www.kraftykidswithsarah.com/,5,241,,43.733628,-79.419889,ChIJBfXk4WcyK4gRrp2H1nXKMMA,https://www.google.com/maps/search/?api=1&query=Krafty%20Kids%20%7C%20Corporate%20Holiday%20Parties%20%26%20Creative%20Kids%E2%80%99%20Events&query_place_id=ChIJBfXk4WcyK4gRrp2H1nXKMMA,yes,"ith Sarah <meta name=""description"" content=""Kids art parties in Toronto &amp; the GTA. Themed birthdays, tie-dye, slime ",https://kraftykidswithsarah.com/portable-parties,party_page_found,"prices: $10, $100, $140, $15, $150; capacity: 20; duration: 1 hr",85,5.0,Krafty Kids ran my daughters 6th birthday party out of Ridley Orchard ; Sarah and her team are absolutely incredible! They brought so much ama; We hired Sarah from Krafty Kids to help with my daughter’s 8th birthda
Magic Moments Playground & Birthday Parties,Indoor playground; Children's amusement center; Children's party service; Event venue,"1000 Gerrard St E Unit D13, Toronto, ON M4M 3G6, Canada",Toronto,M4M 3G6,+14379078990,http://www.magicmomentsplay.ca/,4.9,348,,43.6693946,-79.339154,ChIJv9LUiCjL1IkRhV3wfoYdaoo,https://www.google.com/maps/search/?api=1&query=Magic%20Moments%20Playground%20%26%20Birthday%20Parties&query_place_id=ChIJv9LUiCjL1IkRhV3wfoYdaoo,yes,"t-page menu-item-7003""> Birthday Parties <",https://magicmomentsplay.ca/birthday-parties/,party_page_found,"prices: $ 399, $ 599, $ 699, $100, $399; capacity: 24; duration: 2hrs",45,4.9,
Mighty Jungle Indoor Playground,Amusement center; Indoor playground,"3100 Ridgeway Dr #19, Mississauga, ON L5L 5M5, Canada",Mississauga,L5L 5M5,+12899970644,http://www.themightyjungle.ca/,4.5,445,,43.5179463,-79.6916909,ChIJe0OMXqpDK4gRHLcGAqER2j0,https://www.google.com/maps/search/?api=1&query=Mighty%20Jungle%20Indoor%20Playground&query_place_id=ChIJe0OMXqpDK4gRHLcGAqER2j0,yes,"ht: 600;"">Notice! &nbsp;Call or email us to book your private event today!!! We are booking 3-4 months in advance for parties. ",http://www.themightyjungle.ca/Home/Parties,party_page_found,"prices: $ 310, $ 350, $ 385, $ 430, $ 450; capacity: 10; duration: 2 hours",60,4.9,
Playtopia Pickering,Indoor playground,"1899 Brock Rd Unit C5, Pickering, ON L1V 4H7, Canada",Pickering,L1V 4H7,+19057444545,https://pickering.playtopia.ca/,4.7,398,,43.8473468,-79.0716659,ChIJU67mASHf1IkR5sK2xUOuNQ4,https://www.google.com/maps/search/?api=1&query=Playtopia%20Pickering&query_place_id=ChIJU67mASHf1IkR5sK2xUOuNQ4,yes, ,https://media2.onelinkpos.com/manual-uploads/Playtopia-Pickering-Party-E-Invitation.pdf,party_page_found,"prices: $ 63, $23, $518, $70, $75; duration: 6hr",50,4.8,Staff is kind of rude sometimes and tourist is OK. Some options are no
Extreme Fun Indoor Playground,Indoor playground; Children's party service; Party planner,"186 Bartley Dr, North York, ON M4A 1E1, Canada",North York,M4A 1E1,+14167578777,http://www.extremefun.ca/,4.7,293,,43.7211111,-79.3127778,ChIJHVNwerjN1IkR58kn5ILxKUg,https://www.google.com/maps/search/?api=1&query=Extreme%20Fun%20Indoor%20Playground&query_place_id=ChIJHVNwerjN1IkR58kn5ILxKUg,yes,ours: Mon - Fri 9:30am - 2:30pm. Weekends are closed for private events. Dec 22 - Jan 2nd closed for daily play Daily play r,http://www.extremefun.ca/#packages,party_page_found,"prices: $10, $100, $130, $15, $20; capacity: 50; duration: 2 hour; ages: 1 - 10",70,4.9,
Active Kids Zone,Children's amusement center; Children's camp; Party planner,"951 Alness St, North York, ON M3J 2J1, Canada",North York,M3J 2J1,+14166505060,http://www.activekidszone.com/,4.5,320,,43.7815438,-79.4756721,ChIJMxC363IuK4gR3KbhcVAlC8U,https://www.google.com/maps/search/?api=1&query=Active%20Kids%20Zone&query_place_id=ChIJMxC363IuK4gR3KbhcVAlC8U,yes,"S""> Active Kids Zone | Kids Birthday Parties and Camps in Toronto <meta charset=""UTF-8""",https://activekidszone.com/birthday-parties-2/,party_page_found,"prices: $125, $35",80,4.9,
Amazing Fun Park,Children's amusement center; Children's party service; Indoor playground,"1325 Eglinton Ave E #1, Mississauga, ON L4W 4L9, Canada",Mississauga,L4W 4L9,+19052127444,https://amazingfunpark.ca/,4.6,417,,43.6346964,-79.6227394,ChIJZdBR_lhvK4gR8eM0H9Zpe0w,https://www.google.com/maps/search/?api=1&query=Amazing%20Fun%20Park&query_place_id=ChIJZdBR_lhvK4gR8eM0H9Zpe0w,yes,"ct-page menu-item-10819""> Parties &#038; Celebra",https://amazingfunpark.ca/parties/,party_page_found,"prices: $1299, $1399, $149, $150, $199; capacity: 10; duration: 2hrs",45,4.4,"Don't take anyone over 5; Had an exceptional time at my son’s birthday. It was truly an experien; Limited entertainment for the price you pay.
Space was clean."
Tiny Town Vaughan,Indoor playground,"5875 Hwy 7 Unit 12, Woodbridge, ON L4L 1T9, Canada",Woodbridge,L4L 1T9,+19058502850,http://www.tinytownvaughan.ca/,4.4,470,,43.773154,-79.618351,ChIJ64aT9jI7K4gRApnz8s6hAKY,https://www.google.com/maps/search/?api=1&query=Tiny%20Town%20Vaughan&query_place_id=ChIJ64aT9jI7K4gRApnz8s6hAKY,yes,"gned to spark imagination through pretend play. Perfect for birthday parties, private events, and everyday fun!"" /> <link rel=""",https://tinytownvaughan.ca/parties/,party_page_found,"prices: $13, $389, $470, $599, $640; capacity: 20; duration: 2.5 hours",50,4.8,"I wouldn't take my kids back. Poor service, they make you order food t; The place itself is really good for kids. There are so many things for"
The Play Scape,Video arcade; Bowling alley; Fast food restaurant; Recreation center; Restaurant,"30 Dean Park Rd Unit 21, Scarborough, ON M1B 3H1, Canada",Scarborough,M1B 3H1,+19059030530,https://theplayscape.ca/,4.7,269,,43.8033426,-79.169873,ChIJ4QMzA4Pb1IkR6e4dt-GXi1c,https://www.google.com/maps/search/?api=1&query=The%20Play%20Scape&query_place_id=ChIJ4QMzA4Pb1IkR6e4dt-GXi1c,yes,x) {#brxe-hgwiaa {padding-right: 10px; padding-left: 10px}}#parties {background-color: #121212; padding-top: 30px; padding-bott,https://theplayscape.ca/packages/,party_page_found,"prices: $23, $28, $500; capacity: 16; duration: 1 Hour",70,5.0,"Best place for a kids’ party! 🎉🎂

A special thank you to Harvinder and; Really happy with the experience! The staff were welcoming, organized,; We had a wonderful time celebrating our child’s birthday here. The kid"
Pixel Pulse Playzone,Indoor playground; Event venue; Amusement center,"960 Edgeley Blvd #2, Vaughan, ON L4K 4V4, Canada",Vaughan,L4K 4V4,+19057602922,https://www.pixelpulseplay.ca/,4.1,624,,43.8180556,-79.5397237,ChIJtyPi4GwvK4gRDMTy0U4bMRg,https://www.google.com/maps/search/?api=1&query=Pixel%20Pulse%20Playzone&query_place_id=ChIJtyPi4GwvK4gRDMTy0U4bMRg,yes,"ctions"">Challenge Rooms Birthday Parties <a class=""nav-link "" href=""/pr",https://pixelpulseplay.ca/kids-birthday-parties,party_page_found,"prices: $10, $1199, $149, $15, $16; duration: 1 hour",40,4.8,My experience here is a 2/5. There were three or four rooms that malfu
Another World VR Arena Brampton,Amusement center; Video arcade,"239 Queen St E #4, Brampton, ON L6V 1V2, Canada",Brampton,L6V 1V2,+17055005450,https://brampton.another-world.com/buy,5,361,,43.69661,-79.74753,ChIJR6lEH-gVK4gRDzTg6wGriEw,https://www.google.com/maps/search/?api=1&query=Another%20World%20VR%20Arena%20Brampton&query_place_id=ChIJR6lEH-gVK4gRDzTg6wGriEw,yes, Birthday ,https://brampton.another-world.com/birthday,party_page_found,duration: 24 hours,15,4.9,Ether is friendly and helpful throughout out 3 hour corporate play ses; Jasmin was very welcoming and kind and helpful she explained the games; Wonderful experience!! Jasmine was so sweet and helpful throughout. Am
Jumbaloo Playgrounds,Indoor playground,"3450 Ridgeway Dr #10/11, Mississauga, ON L5L 0A2, Canada",Mississauga,L5L 0A2,+12894220880,https://jumbaloo.com/,4.8,255,,43.523356,-79.7067767,ChIJi9nlRSRDK4gR2BBCRl1H7RQ,https://www.google.com/maps/search/?api=1&query=Jumbaloo%20Playgrounds&query_place_id=ChIJi9nlRSRDK4gR2BBCRl1H7RQ,yes,"ndoor playground in Mississauga and Oakville for open play, birthday parties, camps, field trips, and more family fun.""/> <meta ",https://jumbaloo.com/argentia/indoor-birthday-parties/,party_page_found,"prices: $10, $1050, $1200, $150, $20; capacity: 20; duration: 2 hrs",60,4.8,I recently held my daughter's birthday party here and it was a blast. 
Playplex Game,Indoor playground; Children's party service; Event venue; Amusement center; Recreation center,"5328 Hwy 7 #2, Markham, ON L3P 1B9, Canada",Markham,L3P 1B9,+12895541869,https://www.playplexgame.com/,4.9,387,,43.8686371,-79.2817141,ChIJydmmRGvX1IkRDVP8OqjE9qc,https://www.google.com/maps/search/?api=1&query=Playplex%20Game&query_place_id=ChIJydmmRGvX1IkRDVP8OqjE9qc,yes,"mes with floor projection technology. Perfect for families, birthday parties, and group events.""/><link rel=""canonical"" href=""ht",https://www.playplexgame.com/party-room,party_page_found,"prices: $ 599, $ 699, $29, $299, $60; capacity: 18; ages: 6–8",15,4.8,"The staff were friendly and very helpful. Cost wise, it’s on par with ; so fun, employees were very helpful and kind. many options for games, "
"🥇 PartyTO | Children's entertainers, Balloons, Bouncy Castle, Photobooth rentals in Toronto",Entertainer; Artist; Balloon artist; Children's party service; Service establishment; Party planner,,,,+16478125622,https://partyto.ca/,4.9,196,,43.7836619,-79.3428222,ChIJN0qzr28zK4gRRsOHeTbhblU,https://www.google.com/maps/search/?api=1&query=%F0%9F%A5%87%20PartyTO%20%7C%20Children's%20entertainers%2C%20Balloons%2C%20Bouncy%20Castle%2C%20Photobooth%20rentals%20in%20Toronto&query_place_id=ChIJN0qzr28zK4gRRsOHeTbhblU,yes,"2-17"",""description"":""We hired them for my nephew's surprise birthday a couple months back. At first, their price seemed a bit hi",https://www.partyto.ca,party_page_found,capacity: 24,60,5.0,The balloon twisters were a huge hit at our street party! They were fr; What an amazing time. It was my second time using their services and i
Trapped Scarborough - Escape Room and RC Games Lounge,Party planner; Amusement center; Event venue; Escape room center,"4410 Kingston Rd Unit 2001, Scarborough, ON M1E 2N5, Canada",Scarborough,M1E 2N5,+14162842525,https://trapped.com/locations/scarborough/book,4.9,411,,43.7684826,-79.1907071,ChIJW74q_cnb1IkRXb7YaplGFmk,https://www.google.com/maps/search/?api=1&query=Trapped%20Scarborough%20-%20Escape%20Room%20and%20RC%20Games%20Lounge&query_place_id=ChIJW74q_cnb1IkRXb7YaplGFmk,yes,"\"":\""Corporate Office\"",\""corporate\"":\""Corporate Event\"",\""birthday\"":\""Birthday Party\"",\""other\"":\""Other\"",\""game1\"":\""1 Game",https://trapped.com/locations/scarborough/book,homepage_mentions_birthday,"prices: $11, $14; duration: 48 hours",5,4.4,"Amazing escape room experience! The room was very well designed, with ; The experience within itself was wonderful, but the experience with th; This location says it’s open, they even allow us to book online. Good "
Glama Gal Kids Spa Vaughan,Event venue; Children's party service; Day spa; Spa,"665 Millway Ave Unit 14, Vaughan, ON L4K 3T8, Canada",Vaughan,L4K 3T8,+19054824435,http://www.glamagalkidspa.com/,4.8,223,,43.811405,-79.5310585,ChIJS9k-IgwvK4gRQRL-rI1PA7Y,https://www.google.com/maps/search/?api=1&query=Glama%20Gal%20Kids%20Spa%20Vaughan&query_place_id=ChIJS9k-IgwvK4gRQRL-rI1PA7Y,yes,"stances of COVID-19, we offer virtual workshops and virtual birthday parties in the comfort of your own home!"", ""url"": ""https:",https://www.glamagalparty.com/party-packages,party_page_found,"prices: $14, $15, $18",60,5.0,
Bibbity Bobbity Princess Parties,Children's party service,"1402 Queen St E c3, Toronto, ON M4L 1C9, Canada",Toronto,M4L 1C9,+16479489551,http://bibbitybobbityprincessparties.com/,5,281,,43.6647411,-79.3241262,ChIJV0eFW_jL1IkRN9BI_KL0rHo,https://www.google.com/maps/search/?api=1&query=Bibbity%20Bobbity%20Princess%20Parties&query_place_id=ChIJV0eFW_jL1IkRN9BI_KL0rHo,yes,"e href=""""> Toronto Princess Parties <meta http-equiv=""Accept-CH"" content=""Sec-CH-UA-Pl",https://www.bibbitybobbityprincessparties.com,party_page_found,,75,5.0,"If you need a princess or a party, don't even look into other companie; We had a fantastic experience with Bibbity Bobbity Princess Parties fo"
BenTastic Magic,Magician,"54 Timberwolf Crescent, Vaughan, ON L4H 2W2, Canada",Vaughan,L4H 2W2,+16474240361,http://www.magicshowtoronto.com/,5,231,,43.8430911,-79.5508527,ChIJOW1_uVBpK4gRb2Naz-R8M-s,https://www.google.com/maps/search/?api=1&query=BenTastic%20Magic&query_place_id=ChIJOW1_uVBpK4gRb2Naz-R8M-s,yes,"nt=""kids magic, magician, family magician, female magician, birthday magic show, Toronto magician, children's entertainer ""><met",https://magicshowtoronto.com/toronto-birthday-magician-magic,homepage_mentions_birthday,,85,5.0,FANtastic here! My twins saw Bentastic July 2024 at Camp and have ment; We had Bentastic the Magician at our local kids fun fair and he was fa; We were so glad to have Ben performing at our daughter’s birthday part
Creative Playzone,Indoor playground,"2900 Warden Ave. Unit116A, Scarborough, ON M1W 2S8, Canada",Scarborough,M1W 2S8,+14167538828,https://creativeplayzone.com/,4.8,326,,43.7985262,-79.3187255,ChIJNW9ekzfT1IkROi7jiYhmbys,https://www.google.com/maps/search/?api=1&query=Creative%20Playzone&query_place_id=ChIJNW9ekzfT1IkROi7jiYhmbys,yes,"playground, indoor playground, children&#x27;s party venue, birthday parties, art workshops, Scarborough, Toronto, kids activiti",https://www.creativeplayzone.com/party-rooms/,party_page_found,"prices: $10, $100, $14, $15, $16; capacity: 10; duration: 2.5 Hours",30,4.8,Severe Safety Concerns and Unprofessional Conduct - Management Action ; We brought our son to Creative Play Zone at Bridlewood Mall on Friday 
Another World VR Arena Oakville,Recreation center,"341 Kerr St Ste 212, Oakville, ON L6K 3B7, Canada",Oakville,L6K 3B7,+13659965991,https://oakville.another-world.com/,5,234,,43.4439473,-79.6816491,ChIJ89dtJb1dK4gRq7vNr0MGjzI,https://www.google.com/maps/search/?api=1&query=Another%20World%20VR%20Arena%20Oakville&query_place_id=ChIJ89dtJb1dK4gRq7vNr0MGjzI,yes,":""Yes, of course. You can bring your own food and drinks to celebrate a birthday or corporate event. Alcohol and hookah are proh",https://oakville.another-world.com/birthday,party_page_found,duration: 1 hr,30,5.0,
Happy Planet Kids Indoor Playground & Party Leaside,Indoor playground; Children's camp; Children's cafe; Children's party service; Event venue,"1 Leaside Park Dr Unit 7-8, East York, ON M4H 1R1, Canada",East York,M4H 1R1,+14164252888,https://www.happyplanetca.com/leaside-1,4.9,327,,43.702327,-79.3516284,ChIJS2Teoo_N1IkRX6gq6k5pK14,https://www.google.com/maps/search/?api=1&query=Happy%20Planet%20Kids%20Indoor%20Playground%20%26%20Party%20Leaside&query_place_id=ChIJS2Teoo_N1IkRX6gq6k5pK14,yes,"tent=""Kids Indoor place for exciting play and unforgettable parties | After-school drop-in care program where kids play in a sa",,no_party_page,,65,5.0,
Kidz at Play,Indoor playground; Event venue,"6991 Millcreek Dr Unit 2, Mississauga, ON L5N 6B8, Canada",Mississauga,L5N 6B8,+14169947406,http://www.kidzatplay.ca/,4.8,398,,43.5977769,-79.7595312,ChIJn9vNrD5rK4gR5iFWMo0LyfQ,https://www.google.com/maps/search/?api=1&query=Kidz%20at%20Play&query_place_id=ChIJn9vNrD5rK4gR5iFWMo0LyfQ,yes,"mp; arcade games. Perfect for indoor play &amp; stress-free birthday parties.""/> <link rel=""canonical"" href=""https://www.kidza",https://www.kidzatplay.ca/,homepage_mentions_birthday,,55,4.7,It's a nice facility I just wouldn't recommend it because of the prici; This is hands-down the most ideal spot for a kid's birthday! The facil
Happy Kingdom Brampton,Children's amusement center; Indoor playground; Playground,"150 West Dr Unit 105, Brampton, ON L6T 4P9, Canada",Brampton,L6T 4P9,+19054601200,http://www.happykingdombrampton.ca/,4.7,516,,43.7063245,-79.7342038,ChIJCxZQcgA_K4gRo8TOPrRRTPw,https://www.google.com/maps/search/?api=1&query=Happy%20Kingdom%20Brampton&query_place_id=ChIJCxZQcgA_K4gRo8TOPrRRTPw,yes,"e to Happy Kingdom Brampton Your go-to spot for fun and celebrations. <div class=""elementor-el",https://happykingdombrampton.ca/party/,party_page_found,,35,4.9,
Happy Planet Kids Indoor Playground & Party,Children's party service; Cafe; Indoor playground; Toy store,"5651 Steeles Ave E #15-16, Scarborough, ON M1V 5P6, Canada",Scarborough,M1V 5P6,+14162996630,https://www.happyplanetca.com/sc,4.8,370,,43.8316387,-79.2662198,ChIJl2XeRKfX1IkRd0bgWY_U1QE,https://www.google.com/maps/search/?api=1&query=Happy%20Planet%20Kids%20Indoor%20Playground%20%26%20Party&query_place_id=ChIJl2XeRKfX1IkRd0bgWY_U1QE,yes,"tent=""Kids Indoor place for exciting play and unforgettable parties | After-school drop-in care program where kids play in a sa",,no_party_page,,60,4.5,"Recently did a private party here with close to 120 participants, was ; This indoor playground has potential. There are many nooks within the ; This place wasn’t very clean. There was some dust and hair stuck in th"
Funvilla Oakville,Indoor playground,"77 Loyalist Trl, Oakville, ON L6H 3R4, Canada",Oakville,L6H 3R4,+13657260147,https://funvilla.ca/oakville/tickets/,4.8,241,,43.498282,-79.7462169,ChIJI3nzLQhpK4gRQP1gbLqccHs,https://www.google.com/maps/search/?api=1&query=Funvilla%20Oakville&query_place_id=ChIJI3nzLQhpK4gRQP1gbLqccHs,yes,"nt hfe-creative-menu""> Parties <li id=""menu-ite",https://funvilla.ca/oakville/parties/,party_page_found,"prices: $15, $524, $624, $724, $949; capacity: 10; duration: 2.5 hours",40,4.8,We had a wonderful time at Funvilla! Everything was clean and well mai
Kids Empire Heartland Mississauga,Indoor playground,"600 Matheson Blvd W, Mississauga, ON L5R 4B8, Canada",Mississauga,L5R 4B8,+12893260909,https://www.kidsempire.ca/,4.6,193,,43.6118397,-79.6872511,ChIJle9cjnRBK4gROzybfV1CPJs,https://www.google.com/maps/search/?api=1&query=Kids%20Empire%20Heartland%20Mississauga&query_place_id=ChIJle9cjnRBK4gROzybfV1CPJs,yes,"d=""""/> Indoor Playground &amp; Kids Birthday Party Places | Kids Empire <meta name=""description"" ",https://kidsempire.com,party_page_found,"prices: $13, $14, $15, $18, $69; capacity: 026",70,4.7,I come here with to bring my daughter that she is 4 years old and mean
VR Escapism Markham - Escape Rooms & Arcades,Escape room center; Amusement center; Board game club; Video arcade,"7500 Woodbine Ave #108, Markham, ON L3R 1A8, Canada",Markham,L3R 1A8,+18338522888,https://www.vr-escapism.ca/,4.8,551,,43.8254848,-79.35277,ChIJq9xZ3PTT1IkR6nRuNfq3wHs,https://www.google.com/maps/search/?api=1&query=VR%20Escapism%20Markham%20-%20Escape%20Rooms%20%26%20Arcades&query_place_id=ChIJq9xZ3PTT1IkR6nRuNfq3wHs,yes,"class=""""> Events/Parties <li id=""comp-m8h3so3a54"" data-direc",https://www.vr-escapism.ca/,homepage_mentions_birthday,,10,4.8,"Our first VR Room experience and it was amazing. The girls enjoyed it ; Unfortunately, we had an underwhelming experience. We played Ninja gam"
Freckles World Children's Party Entertainment | Toronto,Children's party service; Balloon artist; Entertainment agency; Service establishment; Event management company; Party planner,,,,+16477824960,http://www.frecklesworld.com/?utm_source=google&utm_medium=oragnic&utm_campaign=gmb,4.9,199,,43.7375853,-79.5224606,ChIJ62FdcCs3K4gRs7C_YATbzbA,https://www.google.com/maps/search/?api=1&query=Freckles%20World%20Children's%20Party%20Entertainment%20%7C%20Toronto&query_place_id=ChIJ62FdcCs3K4gRs7C_YATbzbA,yes,up_7.c472a333.chunk.min.css.map*/ Children's Birthday Party Entertainment | Toronto &amp; Halifax Nova Scotia (N,https://www.frecklesworld.com/,party_page_found,,80,4.6,"It was my daughter's special 7th birthday and we were disappointed wit; Pretty disappointed for the price you pay.; Professional, energetic, and brought so much holiday cheer to the even"
Liliput Playhouse,Indoor playground; After school program; Art center; Children's camp; Children's party service; Summer camp organizer,"1912 Avenue Rd Unit 200, North York, ON M5M 0B4, Canada",North York,M5M 0B4,+14162567529,http://liliput.ca/,4.7,369,,43.7333093,-79.4198952,ChIJcaHmsTIzK4gRsSxUW3Dxd_E,https://www.google.com/maps/search/?api=1&query=Liliput%20Playhouse&query_place_id=ChIJcaHmsTIzK4gRsSxUW3Dxd_E,yes,"=""Liliput Playhouse: where art and play meet. Drop‑in play, birthday parties, art classes &amp; camps that help children discove",https://www.liliput.ca/party,party_page_found,,55,4.8,"Fantastic experience hosting a birthday party here ! All details were ; Reminds me of an early on center, very costly however. Most parents si; The liliput team was excellent. I hosted my daughter’s birthday here a"
Playdium Fairview,Children's amusement center; Amusement center; Bowling alley; Children's party service; Event venue; Family restaurant; Indoor playground; Restaurant; Video arcade,"1800 Sheppard Ave E unit y007, North York, ON M2J 5A7, Canada",North York,M2J 5A7,+14372945700,https://www.playdium.com/fairview?utm_source=google-my-business_Fairview&utm_medium=profile&utm_campaign=owned_media,4.4,448,,43.7786761,-79.3441981,ChIJW1XKH7HT1IkRJPNG3l_DeOM,https://www.google.com/maps/search/?api=1&query=Playdium%20Fairview&query_place_id=ChIJW1XKH7HT1IkRJPNG3l_DeOM,yes,"next-head="""">Playdium Fairview | Arcade, Food, Events &amp; Parties <meta name=""description"" content=""Experience arcade ",https://www.playdium.com/fairview/party,party_page_found,prices: $50; duration: 1 hour,10,4.1,"Disappointing birthday party experience at Playdium Fairview. We order; Gotta hire new good staffs, bad attitude and communication of present ; Just terrible worst arcade ever"
Another World VR Arena Vaughan,Amusement center,"2104 Hwy 7 Unit# 3, Vaughan, ON L4K 2S9, Canada",Vaughan,L4K 2S9,+12899913101,http://vaughan.another-world.com/,5,194,,43.8021263,-79.4951022,ChIJ4YvGfhwvK4gRdWDZA0l1Jpk,https://www.google.com/maps/search/?api=1&query=Another%20World%20VR%20Arena%20Vaughan&query_place_id=ChIJ4YvGfhwvK4gRdWDZA0l1Jpk,yes,":""Yes, of course. You can bring your own food and drinks to celebrate a birthday or corporate event. Alcohol and hookah are proh",https://vaughan.another-world.com/birthday,party_page_found,duration: 2 hours,10,5.0,
Giggles Playland Inc,Children's amusement center; Amusement center; Balloon store; Indoor playground; Children's club; Children's party service; Event venue; Party planner; Video arcade,"70 Milner Ave, Scarborough, ON M1S 3P8, Canada",Scarborough,M1S 3P8,+16479247529,http://gigglesplayland.ca/?utm_source=google&utm_medium=wix_google_business_profile&utm_campaign=4570173344780076558,4.5,321,,43.7848683,-79.2518644,ChIJiboh-APR1IkR316KJiN8gS8,https://www.google.com/maps/search/?api=1&query=Giggles%20Playland%20Inc&query_place_id=ChIJiboh-APR1IkR316KJiN8gS8,yes,"rough’s private indoor playground for exciting 3-hour kids’ birthday parties. Check availability today!"" wix-seo-tags=""true""/><l",https://www.gigglesplayland.ca/?utm_source=google&utm_medium=wix_google_business_profile&utm_campaign=4570173344780076558,homepage_mentions_birthday,,70,4.8,"I usually don’t write reviews, but my experience at Giggle was truly f; It pains me that I have to update my review based on my experience, bu; This place is definitely a hidden gem in Scarborough.  We celebrated m"
Doodoo Kids Playground,Indoor playground; Children's party service; Playground; Video arcade,"70 Valleywood Dr Unit 103, Markham, ON L3R 4T5, Canada",Markham,L3R 4T5,+18662781836,https://doodookids.ca/,4.3,413,,43.854951,-79.3657395,ChIJ2XTHLnfV1IkRsLwyYp6aWvQ,https://www.google.com/maps/search/?api=1&query=Doodoo%20Kids%20Playground&query_place_id=ChIJ2XTHLnfV1IkRsLwyYp6aWvQ,yes,"lementor-size-default""> Group booking <div c",https://doodookids.ca/booking/,party_page_found,,65,4.2,"7 dollar for additional adults so one of two parents has to pay just t; Absolutely unacceptable. During our visit today, I saw one parent wear; Stay far away from this place... It wasn't worth the money with what t"
Alpha Kidz Indoor Playground,Indoor playground; Children's party service,"1140 Sheppard Ave W Unit 1, North York, ON M3K 2A2, Canada",North York,M3K 2A2,+14163981119,https://alphakidzplayground.ca/,4.6,199,,43.7540559,-79.4666885,ChIJX8r_VwAzK4gRq9M6zdh8rI0,https://www.google.com/maps/search/?api=1&query=Alpha%20Kidz%20Indoor%20Playground&query_place_id=ChIJX8r_VwAzK4gRq9M6zdh8rI0,yes,"deshow_kXPTVq "" href=""/collections/all""> Party Packages ",https://alphakidzplayground.ca/collections/all,party_page_found,"prices: $100, $1000, $1500, $200, $459; capacity: 50",35,5.0,
Never-Never Land Indoor Playground,Indoor playground; Balloon store; Children's camp; Children's amusement center; Event venue; Indoor lodging; Party planner; Party store,"8520 Jane St #6, Concord, ON L4K 5A9, Canada",Concord,L4K 5A9,+19057611166,http://neverneverland.co/,4.6,258,,43.812819,-79.529321,ChIJG-zWug8vK4gRXBewv-cwPVQ,https://www.google.com/maps/search/?api=1&query=Never-Never%20Land%20Indoor%20Playground&query_place_id=ChIJG-zWug8vK4gRXBewv-cwPVQ,yes,"100479176294180923337/+Neverneverlandindoorplaygroundprivateparties""/> <meta prop",http://neverneverland.co/,homepage_mentions_birthday,,65,4.5,Hosted my son’s 1st birthday here and had a wonderful experience. The ; I attended a private birthday party and was surprised by how poorly th; I do not have enough kind words to say about Sarah and her team at Nev
ZAK Sports Cricket,Indoor playground; Baseball field; Batting cage center; Cricket shop; Fitness center; Playground; Softball field; Sports club; Sports complex,"1160 Birchmount Rd Unit 7, Scarborough, ON M1P 2B7, Canada",Scarborough,M1P 2B7,+16479792386,http://www.zaksports.ca/,4.8,223,,43.7416252,-79.2838012,ChIJlSCC4C3P1IkRm7mnBVR3H8I,https://www.google.com/maps/search/?api=1&query=ZAK%20Sports%20Cricket&query_place_id=ChIJlSCC4C3P1IkRm7mnBVR3H8I,yes,"y text-2xl uppercase text-snow/90 md:text-3xl"">Events &amp; Parties </s",https://www.zaksports.ca/,homepage_mentions_birthday,"prices: $21, $25, $35, $40, $50",0,4.9,
Vincent Magician for Birthday Parties - Strolling Magician - Magic Shows,Children's party service; Balloon artist; Magician; Entertainer; Entertainment agency; Event planner; Preschool; Singing telegram service; Wedding planner; Wedding service,"38 Lee Centre Dr, Scarborough, ON M1H 3J7, Canada",Scarborough,M1H 3J7,+14164380215,http://torontosupermagician.com/,4.9,228,,43.7817497,-79.2465935,ChIJqTRNvwHR1IkRkXlckCQSOic,https://www.google.com/maps/search/?api=1&query=Vincent%20Magician%20for%20Birthday%20Parties%20-%20Strolling%20Magician%20-%20Magic%20Shows&query_place_id=ChIJqTRNvwHR1IkRkXlckCQSOic,yes,"Submenu,var(--font_1))} Vincent Magician for Birthday Party - Strolling Magic for Events <meta name=""de",https://www.torontosupermagician.com,party_page_found,,35,5.0,
Space Centre Vaughan,Children's club,"688 Chrislea Rd, Vaughan, ON L4L 8K9, Canada",Vaughan,L4L 8K9,+14372868461,https://www.space-center.ca/,4.4,251,,43.8070465,-79.5472745,ChIJg5OzwzsvK4gRWJfA_Wt5ePo,https://www.google.com/maps/search/?api=1&query=Space%20Centre%20Vaughan&query_place_id=ChIJg5OzwzsvK4gRWJfA_Wt5ePo,yes,"te-party/"" class=""menu-link""> Private Party <li class="" menu-item menu-item-type-post_type menu",https://space-center.ca/private-party/,party_page_found,,70,4.5,; We had a wonderful experience celebrating our kid’s 6th birthday at Sp; We had such a great experience at Space Center! A huge thank you to ou
Crack Pot Studio,Children's party service; Art center; Children's camp; Art studio; Painting; Pottery classes,"301 Robinson St, Oakville, ON L6J 1G7, Canada",Oakville,L6J 1G7,+19053381358,http://www.crackpotstudio.com/,4.9,218,,43.4475301,-79.6654023,ChIJ4csQ3JFcK4gRE1SMaoXQ-1c,https://www.google.com/maps/search/?api=1&query=Crack%20Pot%20Studio&query_place_id=ChIJ4csQ3JFcK4gRE1SMaoXQ-1c,yes,"ren menu-item-4033""> Parties <li id=""menu-item-4035",,site_unreachable,,20,4.9,Excellent pottery studio! My daughter had a birthday party here a few 
Markham Sports Dome Inc.,Sports complex,"5300 14th Ave, Markham, ON L3S 3K8, Canada",Markham,L3S 3K8,+12892127549,http://www.markhamsportsdome.com/,4.3,440,,43.8515534,-79.2782379,ChIJG7yFXY_W1IkRzuDPPRZSUak,https://www.google.com/maps/search/?api=1&query=Markham%20Sports%20Dome%20Inc.&query_place_id=ChIJG7yFXY_W1IkRzuDPPRZSUak,yes,"s Academy, and Father McGivney. These scholarships not only celebrate athletic achievement but also serve as a catalyst for futu",,no_party_page,,10,4.6,
Artventures Toronto Parliament,Children's party service; Art cafe; Art center; Ceramic manufacturer; Children's party buffet; Art studio; Party equipment rental service; Party store; Pottery store,"557 Parliament St, Toronto, ON M4X 1P7, Canada",Toronto,M4X 1P7,+18332400310,https://www.artventuresstudios.com/,4.9,216,,43.6666209,-79.3687283,ChIJd4zToyzL1IkRttN6i_jt1eE,https://www.google.com/maps/search/?api=1&query=Artventures%20Toronto%20Parliament&query_place_id=ChIJd4zToyzL1IkRttN6i_jt1eE,yes,"-1cb1558b5764"" data-edit-interactive=""true"" href=""/groups%2Fparties"" data-typography=""NavAlpha"" class=""x-el x-el-a c1-3c c1-1p ",https://artventuresstudios.com/groups%2Fparties,party_page_found,,5,5.0,"Around two weeks ago, my friend took me to Artventures on Parliament f; Booked a quick pottery session to make a matcha bowl and Eugenia and A; We had such a great time there! It was really fun, and we made our own"
Kidnasium Lawrence Park,Indoor playground; Children's party service; Gym; Recreation center,"1660 Avenue Road (Lower Level, Toronto, ON M5M 3X9, Canada",Toronto,M5M 3X9,+14167875437,http://kidnasium.ca/,4.3,189,,43.7265162,-79.4176,ChIJG9OhxS8zK4gR5n53yIFfheg,https://www.google.com/maps/search/?api=1&query=Kidnasium%20Lawrence%20Park&query_place_id=ChIJG9OhxS8zK4gR5n53yIFfheg,yes," content=""Private summer camps, classes, childcare, virtual parties and more. Proudly serving Toronto families for more than 20",https://kidnasium.ca/parties,party_page_found,,65,4.5,I’ve had the same infuriating experience as so many other 1-star revie; The worse ever.; We recently attended a trial class at Kidnaisium with our 5-year-old d
Happy Kingdom Sheppard,Indoor playground,"4466 Sheppard Ave E, Scarborough, ON M1S 2E3, Canada",Scarborough,M1S 2E3,+14163966996,https://happykingdomsheppard.ca/,4.4,225,,43.7893939,-79.2671459,ChIJ15jkFjrR1IkROKz1GhSW2QI,https://www.google.com/maps/search/?api=1&query=Happy%20Kingdom%20Sheppard&query_place_id=ChIJ15jkFjrR1IkROKz1GhSW2QI,yes,"ttable memories — whether you&#8217;re coming to eat, play, celebrate, or all of the above. Designed for guests of all ages, we ",https://happykingdomsheppard.ca/party/,party_page_found,,45,4.7,"First time here with my friends and honestly we had a really fun time!; Very disappointing experience today.
My friend and I brought our kids "
Party Warehouse Outlet & Classic Event Decor,Party planner; Balloon artist; Balloon store; Furniture rental service; Interior designer; Party equipment rental service; Party store; Wedding planner; Wedding service; Wedding store,"1401 Huntingwood Dr Unit 5, Scarborough, ON M1S 3J1, Canada",Scarborough,M1S 3J1,+14164985677,http://www.partywarehouseoutlet.com/,4.2,218,,43.7983064,-79.2631505,ChIJd8msQKDT1IkRkO_Iw8Ixt90,https://www.google.com/maps/search/?api=1&query=Party%20Warehouse%20Outlet%20%26%20Classic%20Event%20Decor&query_place_id=ChIJd8msQKDT1IkRkO_Iw8Ixt90,yes,> Birthday Party <ul ,https://use.fontawesome.com,party_page_error,,40,4.5,Bad service; Loved the experience of working with them. They completely matched my ; Very amazing customer customer service! Helps you all throughout the p
